
  {
    "Name": "Track",
    "Song BPM": 75,
    "Track 1 Note Positions In Beats": [12.0,17.833334,20.5,22.166666,22.833334,24.0,24.333334,24.666666,24.833334,25.0,27.0,28.333334,28.666666,32.666668,33.166668,36.0,36.666668,37.666668,38.833332,39.166668,39.833332,40.166668,42.5,44.0,44.166668,44.333332,44.5,45.166668,45.833332,46.166668,46.833332,47.666668,48.5,48.666668,49.666668,52.0,53.0,56.0,56.333332,57.333332,59.833332,60.166668,61.166668,62.0,62.666668,63.166668,65.0,65.5,65.666664,66.333336,66.666664,66.833336,69.0,71.333336,72.0,73.0,73.5,73.833336,75.0,76.0,76.5,77.0,77.5,78.0,78.5,79.0,80.5,80.833336,81.666664,83.833336,84.333336,84.666664,85.0,85.5,85.833336,87.833336,88.166664,88.833336,89.166664,89.666664,90.0,90.5,91.0,91.833336,92.5,93.0,93.5,94.0,94.5,95.0,95.5,96.166664,96.666664,97.666664,100.0,100.833336,101.833336,102.333336,102.833336,103.166664,104.0,105.833336,106.333336,107.5,108.0,108.5,108.666664,108.833336,109.333336,109.833336,110.333336,110.833336,111.333336,112.166664,112.666664,113.666664,116.0,116.833336,117.833336,118.333336,118.833336,119.166664,120.0,121.833336,122.333336,123.5,125.5,125.833336,128.0,128.83333,129.5,132.33333,133.0,133.83333,134.83333,136.0,137.33333,138.33333,141.33333,142.0,142.16667,142.33333,144.0,145.33333,145.83333,147.0,148.83333,149.33333,152.16667,153.16667,154.66667,155.83333,156.5,157.0,157.5,158.0,158.5,159.0,159.5,160.16667,160.83333,161.33333,162.0,163.83333,164.33333,165.33333,167.83333,168.83333,169.83333,171.83333,172.83333,173.16667,173.66667,174.16667,174.66667,175.16667,175.66667,176.0,177.33333,177.83333,180.5,181.5,182.66667,184.0,184.66667,185.33333,187.33333,188.16667,188.66667,189.16667,189.66667,190.16667,190.66667,191.16667,192.0,192.33333,193.16667,193.83333,194.0,194.16667,194.33333,194.5,194.66667,194.83333,195.0,197.33333,200.16667,201.0,201.83333,202.66667,204.16667,204.66667,205.16667,205.66667,206.16667,206.66667,207.16667,207.66667,208.0,208.66667,209.16667,209.83333,214.0,215.0,215.33333,216.83333,217.66667,218.83333,220.33333,220.83333,221.33333,221.83333,222.33333,223.16667,224.83333,225.33333,228.33333,229.33333,230.0,233.33333,233.83333,234.66667,234.83333,235.0,235.16667,235.33333,235.5,235.66667,235.83333,236.0,236.16667,236.33333,236.5,237.5,237.83333,238.33333,240.0,241.33333,242.66667,244.0,244.5,244.66667,244.83333,245.0,245.33333,246.33333,246.83333,247.83333,248.83333,249.5,249.83333,250.16667,252.0,252.66667,253.33333,253.83333,254.33333,254.83333,255.33333,256.0,256.5,257.5,258.16666,258.33334,260.0,260.5,261.0,261.5,262.5,263.5,264.5,265.5,266.5,267.5,268.16666,270.16666,270.83334,271.66666,272.0,272.83334,273.66666,274.16666,275.0,276.0,277.16666,277.66666,278.16666,280.83334,281.83334],
    "Track 2 Note Positions In Beats": [12.166667,12.666667,16.5,17.0,17.333334,17.666666,18.0,20.166666,20.333334,20.666666,21.0,21.666666,22.666666,23.166666,23.833334,24.0,25.0,28.166666,28.5,30.0,32.333332,33.0,33.5,33.666668,33.833332,36.0,36.333332,36.666668,37.166668,37.333332,37.5,39.0,40.166668,40.5,41.0,41.666668,42.333332,42.833332,43.5,44.666668,45.0,45.333332,45.666668,46.0,46.333332,46.666668,47.0,47.166668,47.333332,47.5,47.833332,48.0,49.0,49.5,52.0,53.0,53.333332,57.166668,57.833332,58.666668,59.333332,59.833332,60.333332,60.666668,61.0,61.333332,61.666668,62.166668,62.833332,63.333332,64.0,65.0,65.5,65.666664,66.333336,66.666664,66.833336,67.166664,68.0,68.333336,68.5,68.833336,69.0,69.5,69.833336,70.166664,70.833336,71.0,72.0,72.166664,72.333336,72.5,72.666664,72.833336,73.0,73.5,73.833336,76.166664,76.666664,77.166664,77.666664,78.166664,78.666664,79.0,80.0,80.166664,81.166664,81.5,81.833336,82.166664,82.5,82.666664,83.0,83.166664,83.833336,84.0,84.5,84.833336,85.166664,85.5,86.333336,86.666664,87.0,87.166664,87.333336,88.166664,88.5,89.0,89.166664,89.333336,89.666664,90.0,90.5,91.0,91.333336,91.833336,92.166664,92.666664,93.166664,93.666664,94.166664,94.666664,95.166664,95.666664,96.166664,96.5,96.666664,97.166664,97.5,97.833336,100.0,100.5,100.666664,101.0,101.166664,101.333336,101.5,101.833336,102.5,102.833336,103.166664,104.0,105.0,105.5,105.833336,107.0,108.166664,108.5,109.0,109.5,110.0,110.5,111.0,111.5,112.166664,112.5,112.666664,113.166664,113.5,113.833336,116.0,116.5,116.666664,117.0,117.166664,117.333336,117.5,117.833336,118.5,118.833336,119.166664,120.0,121.0,121.5,121.833336,123.0,125.0,127.0,128.5,129.33333,129.66667,132.16667,133.33333,133.83333,134.16667,135.16667,136.0,138.0,140.16667,141.0,142.0,142.16667,142.33333,144.0,145.0,145.33333,146.0,146.16667,147.0,148.0,148.16667,148.33333,148.5,148.66667,148.83333,149.0,149.16667,149.33333,149.5,149.66667,149.83333,150.83333,151.33333,151.83333,152.16667,152.66667,153.16667,153.66667,154.16667,155.33333,155.83333,156.33333,156.66667,157.16667,157.66667,158.16667,158.66667,159.16667,159.66667,160.16667,160.5,161.16667,161.5,161.83333,163.0,163.33333,164.16667,165.33333,165.66667,167.0,169.33333,169.83333,170.0,170.16667,170.33333,170.5,170.66667,170.83333,171.0,172.83333,173.33333,173.83333,174.33333,174.83333,175.33333,175.83333,176.0,176.33333,177.66667,180.0,180.83333,181.83333,182.33333,182.5,182.83333,183.5,184.0,184.5,185.16667,185.66667,188.33333,188.83333,189.33333,189.83333,190.33333,190.83333,191.33333,192.0,193.0,193.33333,193.66667,195.0,195.16667,195.5,196.0,197.33333,197.83333,199.33333,200.16667,201.0,201.83333,202.66667,203.66667,204.0,204.33333,204.83333,205.33333,205.83333,206.33333,206.83333,207.33333,207.83333,208.0,208.33333,209.33333,209.66667,209.83333,210.66667,211.0,211.16667,212.33333,213.33333,215.16667,215.66667,216.16667,216.66667,217.16667,217.66667,218.16667,219.0,220.16667,220.66667,221.16667,221.66667,222.16667,222.83333,224.0,224.5,225.16667,225.5,225.83333,228.16667,229.33333,229.83333,230.33333,231.33333,233.0,234.0,234.33333,235.0,236.33333,237.5,237.83333,240.0,240.5,241.16667,241.5,241.83333,242.16667,242.66667,243.83333,244.0,244.33333,245.0,246.0,249.5,249.83333,250.16667,251.33333,252.0,252.16667,252.5,252.83333,253.16667,253.5,254.0,254.5,255.0,255.5,256.0,256.83334,257.33334,257.66666,258.0,258.16666,258.33334,258.66666,260.0,260.16666,260.33334,260.5,260.66666,260.83334,261.0,261.16666,261.33334,261.5,261.66666,261.83334,262.0,262.16666,262.33334,262.5,262.66666,262.83334,263.0,263.16666,263.33334,263.5,263.66666,263.83334,264.0,264.16666,264.33334,264.5,264.66666,264.83334,265.0,265.16666,265.33334,265.5,265.66666,265.83334,266.0,266.16666,266.33334,266.5,266.66666,266.83334,267.0,267.16666,267.33334,267.5,267.66666,267.83334,268.0,268.33334,269.16666,269.5,271.0,271.5,272.0,272.5,273.16666,273.5,273.83334,274.16666,274.5,275.0,276.0,276.16666,276.33334,276.66666,277.0,277.5,278.0,278.33334,279.0,279.33334,280.0,280.66666,281.66666],